,casual,registered,cnt,season_encoding,yr,mnth,day,holiday,weekday,workingday,weathersit,temp,temp_interval,temp_interval_ord,hum,hum_interval,hum_interval_ord,windspeed,wind_interval,wind_num_encoding
0,331,654,985,1,0,1,1,0,6,0,2,14.1,low,2,80.6,very_high,5,10.749882,low,1
1,131,670,801,1,0,1,2,0,0,0,2,14.9,low,2,69.6,high,4,16.652113,medium,2
2,120,1229,1349,1,0,1,3,0,1,1,1,8.1,very_low,1,43.7,medium,3,16.636703,medium,2
3,108,1454,1562,2,0,1,4,0,2,1,1,8.2,very_low,1,59.0,high,4,10.739832,low,1
4,82,1518,1600,2,0,1,5,0,3,1,1,9.3,low,2,43.7,medium,3,12.5223,low,1
5,88,1518,1606,2,0,1,6,0,4,1,1,8.4,very_low,1,51.8,medium,3,6.0008684,very_low,0
6,148,1362,1510,3,0,1,7,0,5,1,2,8.1,very_low,1,49.9,medium,3,11.304642,low,1
7,68,891,959,3,0,1,8,0,6,0,2,6.8,very_low,1,53.6,medium,3,17.875868,medium,2
8,54,768,822,3,0,1,9,0,0,0,1,5.7,very_low,1,43.4,medium,3,24.25065,high,3
9,41,1280,1321,4,0,1,10,0,1,1,1,6.2,very_low,1,48.3,medium,3,14.958889,medium,2
10,43,1220,1263,4,0,1,11,0,2,1,2,6.9,very_low,1,68.6,high,4,8.182844,low,1
11,25,1137,1162,4,0,1,12,0,3,1,1,7.1,very_low,1,60.0,high,4,20.410009,medium,2
12,38,1368,1406,1,0,1,13,0,4,1,1,6.8,very_low,1,47.0,medium,3,20.167,medium,2
13,54,1367,1421,1,0,1,14,0,5,1,1,6.6,very_low,1,53.8,medium,3,8.478716,low,1
14,222,1026,1248,1,0,1,15,0,6,0,2,9.6,low,2,49.9,medium,3,10.583521,low,1
15,251,953,1204,1,0,1,16,0,0,0,1,9.5,low,2,48.4,medium,3,12.625011,low,1
16,117,883,1000,1,0,1,17,1,1,0,2,7.2,very_low,1,53.8,medium,3,12.999139,low,1
17,9,674,683,1,0,1,18,0,2,1,2,8.9,very_low,1,86.2,very_high,5,9.833925,low,1
18,78,1572,1650,1,0,1,19,0,3,1,2,12.0,low,2,74.2,high,4,13.957239,low,1
19,83,1844,1927,1,0,1,20,0,4,1,2,10.7,low,2,53.8,medium,3,13.125568,low,1
20,75,1468,1543,1,0,1,21,0,5,1,1,7.3,very_low,1,45.7,medium,3,23.667214,high,3
21,93,888,981,1,0,1,22,0,6,0,1,2.4,very_low,1,40.0,medium,3,11.52199,low,1
22,150,836,986,1,0,1,23,0,0,0,1,4.0,very_low,1,43.7,medium,3,16.5222,medium,2
23,86,1330,1416,1,0,1,24,0,1,1,1,4.0,very_low,1,49.2,medium,3,10.60811,low,1
24,186,1799,1985,1,0,1,25,0,2,1,2,9.2,low,2,61.7,high,4,8.696332,low,1
25,34,472,506,1,0,1,26,0,3,1,3,8.9,very_low,1,86.2,very_high,5,19.68795,medium,2
26,15,416,431,1,0,1,27,0,4,1,1,8.0,very_low,1,68.8,high,4,7.627079,very_low,0
27,38,1129,1167,1,0,1,28,0,5,1,2,8.3,very_low,1,79.3,very_high,5,8.2611,low,1
28,123,975,1098,1,0,1,29,0,6,0,1,8.1,very_low,1,65.2,high,4,9.739455,low,1
29,140,956,1096,1,0,1,30,0,0,0,1,8.9,very_low,1,72.2,high,4,4.9568342,very_low,0
30,42,1459,1501,1,0,1,31,0,1,1,2,7.4,very_low,1,60.4,high,4,12.541864,low,1
31,47,1313,1360,1,0,2,1,0,2,1,2,7.9,very_low,1,83.0,very_high,5,3.565271,very_low,0
32,72,1454,1526,1,0,2,2,0,3,1,2,10.7,low,2,77.5,high,4,17.708636,medium,2
33,61,1489,1550,1,0,2,3,0,4,1,1,7.7,very_low,1,43.8,medium,3,18.609384,medium,2
34,88,1620,1708,2,0,2,4,0,5,1,2,8.7,very_low,1,58.5,high,4,8.565213,low,1
35,100,905,1005,2,0,2,5,0,6,0,2,9.6,low,2,92.9,very_high,5,10.792293,low,1
36,354,1269,1623,2,0,2,6,0,0,0,1,11.7,low,2,56.8,medium,3,9.5006,low,1
37,120,1592,1712,3,0,2,7,0,1,1,1,11.1,low,2,73.8,high,4,3.0423561,very_low,0
38,64,1466,1530,3,0,2,8,0,2,1,1,9.1,low,2,53.8,medium,3,24.25065,high,3
39,53,1552,1605,3,0,2,9,0,3,1,2,5.5,very_low,1,49.5,medium,3,12.652213,low,1
40,47,1491,1538,4,0,2,10,0,4,1,1,5.9,very_low,1,43.7,medium,3,14.869645,medium,2
41,149,1597,1746,4,0,2,11,0,5,1,1,7.8,very_low,1,50.6,medium,3,7.27285,very_low,0
42,288,1184,1472,4,0,2,12,0,6,0,1,9.1,low,2,54.4,medium,3,13.625589,low,1
43,397,1192,1589,1,0,2,13,0,0,0,1,13.0,low,2,45.7,medium,3,17.479161,medium,2
44,208,1705,1913,1,0,2,14,0,1,1,1,17.0,medium,3,37.6,low,2,27.999836,very_high,4
45,140,1675,1815,1,0,2,15,0,2,1,1,10.9,low,2,31.4,low,2,19.522058,medium,2
46,218,1897,2115,1,0,2,16,0,3,1,1,13.0,low,2,42.3,medium,3,16.869997,medium,2
47,259,2216,2475,1,0,2,17,0,4,1,1,17.9,medium,3,50.5,medium,3,15.416968,medium,2
48,579,2348,2927,1,0,2,18,0,5,1,1,21.4,medium,3,51.7,medium,3,17.749975,medium,2
49,532,1103,1635,1,0,2,19,0,6,0,1,16.4,medium,3,18.8,very_low,1,34.000021,very_high,4
50,639,1173,1812,1,0,2,20,0,0,0,1,11.7,low,2,40.8,medium,3,14.956745,medium,2
51,195,912,1107,1,0,2,21,1,1,0,2,12.4,low,2,60.5,high,4,20.625682,medium,2
52,74,1376,1450,1,0,2,22,0,2,1,1,7.5,very_low,1,57.8,medium,3,13.110761,low,1
53,139,1778,1917,1,0,2,23,0,3,1,1,9.1,low,2,42.3,medium,3,6.305571,very_low,0
54,100,1707,1807,1,0,2,24,0,4,1,2,12.1,low,2,69.7,high,4,16.783232,medium,2
55,120,1341,1461,1,0,2,25,0,5,1,2,14.9,low,2,71.2,high,4,23.218113,high,3
56,424,1545,1969,1,0,2,26,0,6,0,1,11.6,low,2,53.8,medium,3,12.500257,low,1
57,694,1708,2402,1,0,2,27,0,0,0,1,14.1,low,2,68.0,high,4,8.391616,low,1
58,81,1365,1446,1,0,2,28,0,1,1,2,16.7,medium,3,87.6,very_high,5,19.408962,medium,2
59,137,1714,1851,1,0,3,1,0,2,1,1,10.9,low,2,53.5,medium,3,14.500475,medium,2
60,231,1903,2134,1,0,3,2,0,3,1,1,13.7,low,2,45.0,medium,3,20.624811,medium,2
61,123,1562,1685,1,0,3,3,0,4,1,1,8.1,very_low,1,31.8,low,2,15.125518,medium,2
62,214,1730,1944,2,0,3,4,0,5,1,2,10.7,low,2,61.0,high,4,13.624182,low,1
63,640,1437,2077,2,0,3,5,0,6,0,2,15.8,medium,3,78.9,very_high,5,16.875357,medium,2
64,114,491,605,2,0,3,6,0,0,0,2,15.4,low,2,94.8,very_high,5,23.000229,high,3
65,244,1628,1872,3,0,3,7,0,1,1,1,10.7,low,2,55.1,medium,3,22.870584,high,3
66,316,1817,2133,3,0,3,8,0,2,1,1,12.0,low,2,42.1,medium,3,8.08355,low,1
67,191,1700,1891,3,0,3,9,0,3,1,2,12.1,low,2,77.5,high,4,14.75005,medium,2
68,46,577,623,4,0,3,10,0,4,1,3,16.0,medium,3,0.0,very_low,1,17.545759,medium,2
69,247,1730,1977,4,0,3,11,0,5,1,2,13.0,low,2,65.0,high,4,15.60899,medium,2
70,724,1408,2132,4,0,3,12,0,6,0,1,13.5,low,2,59.5,high,4,14.791925,medium,2
71,982,1435,2417,1,0,3,13,0,0,0,1,15.8,medium,3,52.7,medium,3,18.130468,medium,2
72,359,1687,2046,1,0,3,14,0,1,1,1,13.3,low,2,49.7,medium,3,9.174042,low,1
73,289,1767,2056,1,0,3,15,0,2,1,2,13.0,low,2,65.6,high,4,12.348703,low,1
74,321,1871,2192,1,0,3,16,0,3,1,2,15.0,low,2,77.7,high,4,13.608839,low,1
75,424,2320,2744,1,0,3,17,0,4,1,1,17.0,medium,3,60.3,high,4,14.041793,low,1
76,884,2355,3239,1,0,3,18,0,5,1,1,22.1,medium,3,52.5,medium,3,15.478139,medium,2
77,1424,1693,3117,1,0,3,19,0,6,0,1,19.4,medium,3,37.9,low,2,24.667189,high,3
78,1047,1424,2471,1,0,3,20,0,0,0,1,13.6,low,2,47.4,medium,3,13.917307,low,1
79,401,1676,2077,1,0,3,21,0,1,1,2,17.6,medium,3,73.7,high,4,19.348461,medium,2
80,460,2243,2703,1,0,3,22,0,2,1,1,18.1,medium,3,62.5,high,4,15.12525,medium,2
81,203,1918,2121,1,0,3,23,0,3,1,2,14.2,low,2,84.0,very_high,5,15.695487,medium,2
82,166,1699,1865,1,0,3,24,0,4,1,2,11.7,low,2,80.6,very_high,5,16.333729,medium,2
83,300,1910,2210,1,0,3,25,0,5,1,1,10.8,low,2,49.5,medium,3,15.458575,medium,2
84,981,1515,2496,1,0,3,26,0,6,0,1,10.9,low,2,39.4,medium,3,14.041257,low,1
85,472,1221,1693,1,0,3,27,0,0,0,2,10.4,low,2,49.4,medium,3,12.3481,low,1
86,222,1806,2028,1,0,3,28,0,1,1,1,10.8,low,2,30.2,low,2,14.217668,low,1
87,317,2108,2425,1,0,3,29,0,2,1,1,12.4,low,2,31.4,low,2,15.208732,medium,2
88,168,1368,1536,1,0,3,30,0,3,1,2,12.3,low,2,64.7,high,4,11.583496,low,1
89,179,1506,1685,1,0,3,31,0,4,1,3,11.0,low,2,91.8,very_high,5,14.582282,medium,2
90,307,1920,2227,1,0,4,1,0,5,1,2,12.3,low,2,68.6,high,4,17.333436,medium,2
91,898,1354,2252,1,0,4,2,0,6,0,2,12.9,low,2,65.4,high,4,13.208782,low,1
92,1651,1598,3249,1,0,4,3,0,0,0,1,15.5,low,2,48.0,medium,3,12.208271,low,1
93,734,2381,3115,2,0,4,4,0,1,1,1,23.5,high,4,42.6,medium,3,25.833257,high,3
94,167,1628,1795,2,0,4,5,0,2,1,2,17.0,medium,3,64.2,high,4,26.000489,high,3
95,413,2395,2808,2,0,4,6,0,3,1,1,16.0,medium,3,47.1,medium,3,17.625221,medium,2
96,571,2570,3141,3,0,4,7,0,4,1,1,17.9,medium,3,60.3,high,4,10.874904,low,1
97,172,1299,1471,3,0,4,8,0,5,1,2,13.8,low,2,83.6,very_high,5,15.208464,medium,2
98,879,1576,2455,3,0,4,9,0,6,0,2,14.0,low,2,87.8,very_high,5,8.916561,low,1
99,1188,1707,2895,4,0,4,10,0,0,0,2,17.5,medium,3,85.8,very_high,5,9.833389,low,1
100,855,2493,3348,4,0,4,11,0,1,1,2,24.4,high,4,71.7,high,4,21.739758,high,3
101,257,1777,2034,4,0,4,12,0,2,1,2,20.6,medium,3,73.9,high,4,18.416893,medium,2
102,209,1953,2162,2,0,4,13,0,3,1,2,16.9,medium,3,81.9,very_high,5,16.791339,medium,2
103,529,2738,3267,2,0,4,14,0,4,1,1,19.2,medium,3,54.0,medium,3,7.4169,very_low,0
104,642,2484,3126,2,0,4,15,1,5,0,1,18.3,medium,3,67.1,high,4,15.167125,medium,2
105,121,674,795,2,0,4,16,0,6,0,3,17.7,medium,3,88.8,very_high,5,22.834136,high,3
106,1558,2186,3744,2,0,4,17,0,0,0,1,18.7,medium,3,48.0,medium,3,20.334232,medium,2
107,669,2760,3429,2,0,4,18,0,1,1,1,21.0,medium,3,54.2,medium,3,10.958989,low,1
108,409,2795,3204,2,0,4,19,0,2,1,2,20.7,medium,3,66.6,high,4,10.584057,low,1
109,613,3331,3944,2,0,4,20,0,3,1,1,24.4,high,4,61.4,high,4,16.208975,medium,2
110,745,3444,4189,2,0,4,21,0,4,1,1,18.8,medium,3,40.7,medium,3,21.792286,high,3
111,177,1506,1683,2,0,4,22,0,5,1,2,13.8,low,2,73.0,high,4,14.707907,medium,2
112,1462,2574,4036,2,0,4,23,0,6,0,2,18.9,medium,3,88.8,very_high,5,15.458575,medium,2
113,1710,2481,4191,2,0,4,24,0,0,0,2,23.8,high,4,81.1,very_high,5,12.875725,low,1
114,773,3300,4073,2,0,4,25,0,1,1,1,24.9,high,4,77.7,high,4,12.417311,low,1
115,678,3722,4400,2,0,4,26,0,2,1,1,25.9,high,4,72.9,high,4,21.8755,high,3
116,547,3325,3872,2,0,4,27,0,3,1,2,25.4,high,4,83.5,very_high,5,20.9174,medium,2
117,569,3489,4058,2,0,4,28,0,4,1,2,25.3,high,4,70.1,high,4,21.500836,high,3
118,878,3717,4595,2,0,4,29,0,5,1,1,20.9,medium,3,45.7,medium,3,16.084221,medium,2
119,1965,3347,5312,2,0,4,30,0,6,0,1,19.4,medium,3,50.3,medium,3,15.750025,medium,2
120,1138,2213,3351,1,0,5,1,0,0,0,2,18.5,medium,3,76.2,high,4,7.125718,very_low,0
121,847,3554,4401,1,0,5,2,0,1,1,2,22.5,high,4,73.0,high,4,12.291418,low,1
122,603,3848,4451,1,0,5,3,0,2,1,2,25.3,high,4,69.7,high,4,22.958689,high,3
123,255,2378,2633,2,0,5,4,0,3,1,2,17.0,medium,3,73.7,high,4,22.042732,high,3
124,614,3819,4433,2,0,5,5,0,4,1,1,18.8,medium,3,44.4,medium,3,19.791264,medium,2
125,894,3714,4608,2,0,5,6,0,5,1,1,19.6,medium,3,59.0,high,4,15.292482,medium,2
126,1612,3102,4714,3,0,5,7,0,6,0,1,21.3,medium,3,54.1,medium,3,10.75015,low,1
127,1401,2932,4333,3,0,5,8,0,0,0,1,21.7,medium,3,63.2,high,4,5.0007125,very_low,0
128,664,3698,4362,3,0,5,9,0,1,1,1,21.8,medium,3,58.9,high,4,11.792,low,1
129,694,4109,4803,4,0,5,10,0,2,1,1,21.8,medium,3,48.9,medium,3,7.749957,very_low,0
130,550,3632,4182,4,0,5,11,0,3,1,1,22.2,high,4,63.3,high,4,8.083014,low,1
131,695,4169,4864,4,0,5,12,0,4,1,1,21.9,medium,3,74.8,high,4,12.707689,low,1
132,692,3413,4105,2,0,5,13,0,5,1,2,21.0,medium,3,86.3,very_high,5,12.041575,low,1
133,902,2507,3409,2,0,5,14,0,6,0,2,21.4,medium,3,92.2,very_high,5,9.04165,low,1
134,1582,2971,4553,2,0,5,15,0,0,0,2,23.1,high,4,86.7,very_high,5,10.249593,low,1
135,773,3185,3958,2,0,5,16,0,1,1,1,23.7,high,4,78.8,very_high,5,8.500357,low,1
136,678,3445,4123,2,0,5,17,0,2,1,2,23.0,high,4,83.8,very_high,5,18.582718,medium,2
137,536,3319,3855,2,0,5,18,0,3,1,2,22.6,high,4,87.0,very_high,5,13.499964,low,1
138,735,3840,4575,2,0,5,19,0,4,1,2,21.8,medium,3,83.0,very_high,5,7.250271,very_low,0
139,909,4008,4917,2,0,5,20,0,5,1,1,22.0,medium,3,72.0,high,4,8.375871,low,1
140,2258,3547,5805,2,0,5,21,0,6,0,1,24.7,high,4,62.7,high,4,8.08355,low,1
141,1576,3084,4660,2,0,5,22,0,0,0,1,24.8,high,4,75.0,high,4,9.916536,low,1
142,836,3438,4274,2,0,5,23,0,1,1,2,25.9,high,4,81.0,very_high,5,15.667414,medium,2
143,659,3833,4492,2,0,5,24,0,2,1,2,27.1,high,4,74.1,high,4,13.875164,low,1
144,740,4238,4978,2,0,5,25,0,3,1,1,27.1,high,4,69.6,high,4,10.333611,low,1
145,758,3919,4677,2,0,5,26,0,4,1,1,29.0,very_high,5,67.8,high,4,13.376014,low,1
146,871,3808,4679,2,0,5,27,0,5,1,1,27.9,high,4,65.4,high,4,16.125493,medium,2
147,2001,2757,4758,2,0,5,28,0,6,0,1,26.9,high,4,73.0,high,4,15.416164,medium,2
148,2355,2433,4788,2,0,5,29,0,0,0,1,27.4,high,4,81.9,very_high,5,14.333846,low,1
149,1549,2549,4098,2,0,5,30,1,1,0,1,30.1,very_high,5,68.5,high,4,8.792075,low,1
150,673,3309,3982,2,0,5,31,0,2,1,1,31.8,very_high,5,63.7,high,4,7.459043,very_low,0
151,513,3461,3974,1,0,6,1,0,3,1,2,31.3,very_high,5,67.7,high,4,13.875164,low,1
152,736,4232,4968,1,0,6,2,0,4,1,1,29.3,very_high,5,30.5,low,2,19.583229,medium,2
153,898,4414,5312,1,0,6,3,0,5,1,1,25.4,high,4,35.4,low,2,16.959107,medium,2
154,1869,3473,5342,2,0,6,4,0,6,0,1,26.0,high,4,45.6,medium,3,8.250514,low,1
155,1685,3221,4906,2,0,6,5,0,0,0,2,26.6,high,4,65.2,high,4,9.292364,low,1
156,673,3875,4548,2,0,6,6,0,1,1,1,27.8,high,4,60.0,high,4,8.167032,low,1
157,763,4070,4833,3,0,6,7,0,2,1,1,29.0,very_high,5,59.8,high,4,12.583136,low,1
158,676,3725,4401,3,0,6,8,0,3,1,1,31.8,very_high,5,62.2,high,4,9.166739,low,1
159,563,3352,3915,3,0,6,9,0,4,1,2,33.1,very_high,5,56.8,medium,3,10.042161,low,1
160,815,3771,4586,4,0,6,10,0,5,1,1,31.0,very_high,5,60.5,high,4,9.417118,low,1
161,1729,3237,4966,4,0,6,11,0,6,0,1,29.7,very_high,5,65.5,high,4,10.37495,low,1
162,1467,2993,4460,4,0,6,12,0,0,0,1,28.4,high,4,74.8,high,4,10.958989,low,1
163,863,4157,5020,2,0,6,13,0,1,1,1,26.0,high,4,49.5,medium,3,20.45845,medium,2
164,727,4164,4891,2,0,6,14,0,2,1,1,24.8,high,4,50.7,medium,3,18.041961,medium,2
165,769,4411,5180,2,0,6,15,0,3,1,1,25.7,high,4,47.2,medium,3,11.250104,low,1
166,545,3222,3767,2,0,6,16,0,4,1,2,25.8,high,4,68.8,high,4,13.833557,low,1
167,863,3981,4844,2,0,6,17,0,5,1,1,26.6,high,4,73.6,high,4,9.582943,low,1
168,1807,3312,5119,2,0,6,18,0,6,0,1,28.6,high,4,67.0,high,4,8.000336,low,1
169,1639,3105,4744,2,0,6,19,0,0,0,2,28.7,high,4,66.7,high,4,6.834,very_low,0
170,699,3311,4010,2,0,6,20,0,1,1,2,26.0,high,4,74.6,high,4,10.416825,low,1
171,774,4061,4835,2,0,6,21,0,2,1,2,27.9,high,4,77.0,high,4,11.458675,low,1
172,661,3846,4507,2,0,6,22,0,3,1,1,30.1,very_high,5,70.8,high,4,11.541554,low,1
173,746,4044,4790,2,0,6,23,0,4,1,2,29.9,very_high,5,70.3,high,4,15.999868,medium,2
174,969,4022,4991,2,0,6,24,0,5,1,1,29.7,very_high,5,57.3,medium,3,14.875675,medium,2
175,1782,3420,5202,2,0,6,25,0,6,0,1,28.5,high,4,48.3,medium,3,14.041257,low,1
176,1920,3385,5305,2,0,6,26,0,0,0,1,27.9,high,4,51.3,medium,3,6.3337311,very_low,0
177,854,3854,4708,2,0,6,27,0,1,1,2,28.0,high,4,65.8,high,4,7.208396,very_low,0
178,732,3916,4648,2,0,6,28,0,2,1,1,30.5,very_high,5,63.4,high,4,9.666961,low,1
179,848,4377,5225,2,0,6,29,0,3,1,1,29.9,very_high,5,49.8,medium,3,17.542007,medium,2
180,1027,4488,5515,2,0,6,30,0,4,1,1,28.6,high,4,43.4,medium,3,12.415904,low,1
181,1246,4116,5362,1,0,7,1,0,5,1,1,29.6,very_high,5,39.6,medium,3,6.874736,very_low,0
182,2204,2915,5119,1,0,7,2,0,6,0,1,30.3,very_high,5,44.5,medium,3,7.709154,very_low,0
183,2282,2367,4649,1,0,7,3,0,0,0,2,29.4,very_high,5,68.2,high,4,15.333486,medium,2
184,3065,2978,6043,2,0,7,4,1,1,0,2,29.8,very_high,5,63.8,high,4,5.4591064,very_low,0
185,1031,3634,4665,2,0,7,5,0,2,1,1,30.6,very_high,5,59.0,high,4,8.459286,low,1
186,784,3845,4629,2,0,7,6,0,3,1,1,29.5,very_high,5,74.3,high,4,10.042161,low,1
187,754,3838,4592,3,0,7,7,0,4,1,1,30.8,very_high,5,65.1,high,4,10.6664,low,1
188,692,3348,4040,3,0,7,8,0,5,1,2,29.1,very_high,5,75.8,high,4,15.083643,medium,2
189,1988,3348,5336,3,0,7,9,0,6,0,1,30.1,very_high,5,60.9,high,4,11.250104,low,1
190,1743,3138,4881,4,0,7,10,0,0,0,1,30.6,very_high,5,57.8,medium,3,12.292557,low,1
191,723,3363,4086,4,0,7,11,0,1,1,1,31.3,very_high,5,63.6,high,4,18.916579,medium,2
192,662,3596,4258,4,0,7,12,0,2,1,1,32.6,very_high,5,55.9,medium,3,13.417018,low,1
193,748,3594,4342,3,0,7,13,0,3,1,1,30.6,very_high,5,63.2,high,4,9.790911,low,1
194,888,4196,5084,3,0,7,14,0,4,1,1,27.9,high,4,47.6,medium,3,16.124689,medium,2
195,1318,4220,5538,3,0,7,15,0,5,1,1,27.2,high,4,59.1,high,4,12.249811,low,1
196,2418,3505,5923,3,0,7,16,0,6,0,1,28.2,high,4,58.5,high,4,13.958914,low,1
197,2006,3296,5302,3,0,7,17,0,0,0,1,29.5,very_high,5,60.4,high,4,16.417211,medium,2
198,841,3617,4458,3,0,7,18,0,1,1,1,30.6,very_high,5,65.1,high,4,14.458868,low,1
199,752,3789,4541,3,0,7,19,0,2,1,1,31.8,very_high,5,65.0,high,4,8.7502,low,1
200,644,3688,4332,3,0,7,20,0,3,1,1,31.5,very_high,5,70.7,high,4,7.625739,very_low,0
201,632,3152,3784,3,0,7,21,0,4,1,2,33.4,very_high,5,69.1,high,4,14.875407,medium,2
202,562,2825,3387,3,0,7,22,0,5,1,1,34.8,very_high,5,58.0,medium,3,8.9177,low,1
203,987,2298,3285,3,0,7,23,0,6,0,1,34.8,very_high,5,50.0,medium,3,8.791807,low,1
204,1050,2556,3606,3,0,7,24,0,0,0,1,34.0,very_high,5,55.1,medium,3,11.334457,low,1
205,568,3272,3840,3,0,7,25,0,1,1,1,30.5,very_high,5,75.7,high,4,6.0841561,very_low,0
206,750,3840,4590,3,0,7,26,0,2,1,1,31.6,very_high,5,54.1,medium,3,13.417286,low,1
207,755,3901,4656,3,0,7,27,0,3,1,1,31.8,very_high,5,40.3,medium,3,12.292021,low,1
208,606,3784,4390,3,0,7,28,0,4,1,1,31.9,very_high,5,58.3,medium,3,11.958093,low,1
209,670,3176,3846,3,0,7,29,0,5,1,1,34.4,very_high,5,54.2,medium,3,11.667246,low,1
210,1559,2916,4475,3,0,7,30,0,6,0,1,33.0,very_high,5,46.6,medium,3,11.291979,low,1
211,1524,2778,4302,3,0,7,31,0,0,0,1,33.0,very_high,5,48.1,medium,3,11.042471,low,1
212,729,3537,4266,1,0,8,1,0,1,1,1,31.6,very_high,5,55.1,medium,3,10.500039,low,1
213,801,4044,4845,1,0,8,2,0,2,1,1,32.1,very_high,5,49.1,medium,3,13.79195,low,1
214,467,3107,3574,1,0,8,3,0,3,1,2,30.0,very_high,5,65.8,high,4,9.084061,low,1
215,799,3777,4576,2,0,8,4,0,4,1,2,29.1,very_high,5,75.8,high,4,13.20905,low,1
216,1023,3843,4866,2,0,8,5,0,5,1,1,29.1,very_high,5,63.1,high,4,12.374632,low,1
217,1521,2773,4294,2,0,8,6,0,6,0,2,29.4,very_high,5,75.5,high,4,15.29275,medium,2
218,1298,2487,3785,3,0,8,7,0,0,0,1,30.4,very_high,5,75.3,high,4,13.499629,low,1
219,846,3480,4326,3,0,8,8,0,1,1,1,31.4,very_high,5,59.2,high,4,12.875725,low,1
220,907,3695,4602,3,0,8,9,0,2,1,1,31.8,very_high,5,57.0,medium,3,10.125107,low,1
221,884,3896,4780,4,0,8,10,0,3,1,1,31.4,very_high,5,42.4,medium,3,13.417286,low,1
222,812,3980,4792,4,0,8,11,0,4,1,1,29.4,very_high,5,42.4,medium,3,11.041332,low,1
223,1051,3854,4905,4,0,8,12,0,5,1,1,29.0,very_high,5,41.5,medium,3,8.416607,low,1
224,1504,2646,4150,3,0,8,13,0,6,0,2,28.1,high,4,73.0,high,4,14.167418,low,1
225,1338,2482,3820,3,0,8,14,0,0,0,2,27.7,high,4,81.8,very_high,5,14.916411,medium,2
226,775,3563,4338,3,0,8,15,0,1,1,1,27.3,high,4,71.2,high,4,13.999918,low,1
227,721,4004,4725,3,0,8,16,0,2,1,1,28.7,high,4,57.8,medium,3,15.834043,medium,2
228,668,4026,4694,3,0,8,17,0,3,1,1,29.7,very_high,5,57.5,medium,3,9.625689,low,1
229,639,3166,3805,3,0,8,18,0,4,1,1,29.2,very_high,5,65.5,high,4,15.624936,medium,2
230,797,3356,4153,3,0,8,19,0,5,1,2,28.1,high,4,72.3,high,4,9.333636,low,1
231,1914,3277,5191,3,0,8,20,0,6,0,1,28.6,high,4,67.4,high,4,6.999289,very_low,0
232,1249,2624,3873,3,0,8,21,0,0,0,1,29.1,very_high,5,77.0,high,4,16.666518,medium,2
233,833,3925,4758,3,0,8,22,0,1,1,1,28.4,high,4,47.0,medium,3,18.54225,medium,2
234,1281,4614,5895,3,0,8,23,0,2,1,1,26.3,high,4,45.5,medium,3,9.833121,low,1
235,949,4181,5130,3,0,8,24,0,3,1,1,27.6,high,4,60.5,high,4,16.958236,medium,2
236,435,3107,3542,3,0,8,25,0,4,1,2,28.1,high,4,77.2,high,4,14.125811,low,1
237,768,3893,4661,3,0,8,26,0,5,1,1,28.7,high,4,76.1,high,4,5.6254875,very_low,0
238,226,889,1115,3,0,8,27,0,6,0,2,27.9,high,4,85.0,very_high,5,25.166339,high,3
239,1415,2919,4334,3,0,8,28,0,0,0,1,29.0,very_high,5,56.2,medium,3,20.412153,medium,2
240,729,3905,4634,3,0,8,29,0,1,1,1,26.1,high,4,55.5,medium,3,10.708275,low,1
241,775,4429,5204,3,0,8,30,0,2,1,1,26.2,high,4,54.8,medium,3,8.375536,low,1
242,688,4370,5058,3,0,8,31,0,3,1,1,26.9,high,4,59.8,high,4,5.5833311,very_low,0
243,783,4332,5115,1,0,9,1,0,4,1,1,26.9,high,4,63.9,high,4,9.500332,low,1
244,875,3852,4727,1,0,9,2,0,5,1,2,26.4,high,4,72.7,high,4,9.375243,low,1
245,1935,2549,4484,1,0,9,3,0,6,0,1,27.4,high,4,71.7,high,4,12.416775,low,1
246,2521,2419,4940,2,0,9,4,0,0,0,1,29.1,very_high,5,74.2,high,4,13.833289,low,1
247,1236,2115,3351,2,0,9,5,1,1,0,2,27.6,high,4,79.0,very_high,5,14.250632,low,1
248,204,2506,2710,2,0,9,6,0,2,1,3,22.1,medium,3,88.7,very_high,5,23.044181,high,3
249,118,1878,1996,3,0,9,7,0,3,1,3,24.6,high,4,91.7,very_high,5,6.5003936,very_low,0
250,153,1689,1842,3,0,9,8,0,4,1,3,26.0,high,4,94.0,very_high,5,12.914116,low,1
251,417,3127,3544,3,0,9,9,0,5,1,2,26.6,high,4,89.8,very_high,5,8.333393,low,1
252,1750,3595,5345,4,0,9,10,0,6,0,1,27.1,high,4,75.4,high,4,10.291736,low,1
253,1633,3413,5046,4,0,9,11,0,0,0,1,26.8,high,4,71.4,high,4,7.708618,very_low,0
254,690,4023,4713,4,0,9,12,0,1,1,1,26.4,high,4,69.2,high,4,5.957171,very_low,0
255,701,4062,4763,3,0,9,13,0,2,1,1,26.7,high,4,71.2,high,4,9.500868,low,1
256,647,4138,4785,3,0,9,14,0,3,1,1,27.6,high,4,69.7,high,4,11.2091,low,1
257,428,3231,3659,3,0,9,15,0,4,1,2,23.7,high,4,70.9,high,4,18.166782,medium,2
258,742,4018,4760,3,0,9,16,0,5,1,2,19.2,medium,3,59.0,high,4,11.000261,low,1
259,1434,3077,4511,3,0,9,17,0,6,0,2,20.2,medium,3,71.8,high,4,12.708225,low,1
260,1353,2921,4274,3,0,9,18,0,0,0,1,20.8,medium,3,69.5,high,4,11.958361,low,1
261,691,3848,4539,3,0,9,19,0,1,1,2,22.5,high,4,69.0,high,4,10.166714,low,1
262,438,3203,3641,3,0,9,20,0,2,1,2,23.0,high,4,88.1,very_high,5,9.041918,low,1
263,539,3813,4352,3,0,9,21,0,3,1,2,24.4,high,4,90.0,very_high,5,6.4590814,very_low,0
264,555,4240,4795,3,0,9,22,0,4,1,2,25.8,high,4,90.2,very_high,5,8.584375,low,1
265,258,2137,2395,3,0,9,23,0,5,1,2,25.0,high,4,97.2,very_high,5,5.2505689,very_low,0
266,1776,3647,5423,3,0,9,24,0,6,0,2,24.9,high,4,86.2,very_high,5,5.2516811,very_low,0
267,1544,3466,5010,3,0,9,25,0,0,0,2,26.0,high,4,84.5,very_high,5,3.3754064,very_low,0
268,684,3946,4630,3,0,9,26,0,1,1,2,26.6,high,4,84.8,very_high,5,7.4169,very_low,0
269,477,3643,4120,3,0,9,27,0,2,1,2,26.1,high,4,88.5,very_high,5,7.917457,very_low,0
270,480,3427,3907,3,0,9,28,0,3,1,2,26.0,high,4,84.9,very_high,5,9.958143,low,1
271,653,4186,4839,3,0,9,29,0,4,1,1,25.3,high,4,69.9,high,4,11.583161,low,1
272,830,4372,5202,3,0,9,30,0,5,1,1,23.1,high,4,64.8,high,4,13.833825,low,1
273,480,1949,2429,1,0,10,1,0,6,0,2,16.8,medium,3,75.4,high,4,19.583832,medium,2
274,616,2302,2918,1,0,10,2,0,0,0,2,14.6,low,2,79.2,very_high,5,14.874871,medium,2
275,330,3240,3570,1,0,10,3,0,1,1,2,15.8,medium,3,76.1,high,4,5.5841686,very_low,0
276,486,3970,4456,2,0,10,4,0,2,1,1,19.9,medium,3,71.0,high,4,13.792218,low,1
277,559,4267,4826,2,0,10,5,0,3,1,1,22.1,medium,3,64.8,high,4,11.87575,low,1
278,639,4126,4765,2,0,10,6,0,4,1,1,20.3,medium,3,62.1,high,4,9.041918,low,1
279,949,4036,4985,3,0,10,7,0,5,1,1,20.9,medium,3,68.4,high,4,1.5002439,very_low,0
280,2235,3174,5409,3,0,10,8,0,6,0,1,21.4,medium,3,70.1,high,4,3.0420814,very_low,0
281,2397,3114,5511,3,0,10,9,0,0,0,1,22.2,high,4,72.8,high,4,4.25115,very_low,0
282,1514,3603,5117,4,0,10,10,1,1,0,1,23.4,high,4,73.4,high,4,2.8343814,very_low,0
283,667,3896,4563,4,0,10,11,0,2,1,2,23.2,high,4,80.9,very_high,5,9.583814,low,1
284,217,2199,2416,4,0,10,12,0,3,1,3,22.3,high,4,90.6,very_high,5,16.62605,medium,2
285,290,2623,2913,4,0,10,13,0,4,1,2,24.2,high,4,89.7,very_high,5,9.499729,low,1
286,529,3115,3644,4,0,10,14,0,5,1,2,22.6,high,4,71.6,high,4,15.000161,medium,2
287,1899,3318,5217,4,0,10,15,0,6,0,1,20.8,medium,3,48.3,medium,3,17.291561,medium,2
288,1748,3293,5041,4,0,10,16,0,0,0,1,21.0,medium,3,48.7,medium,3,18.875039,medium,2
289,713,3857,4570,4,0,10,17,0,1,1,1,21.9,medium,3,58.0,medium,3,11.750393,low,1
290,637,4111,4748,4,0,10,18,0,2,1,2,21.8,medium,3,70.2,high,4,7.375829,very_low,0
291,254,2170,2424,4,0,10,19,0,3,1,3,22.2,high,4,89.5,very_high,5,16.303713,medium,2
292,471,3724,4195,4,0,10,20,0,4,1,1,19.5,medium,3,63.6,high,4,28.292425,very_high,4
293,676,3628,4304,4,0,10,21,0,5,1,1,17.5,medium,3,57.4,medium,3,14.833532,medium,2
294,1499,2809,4308,4,0,10,22,0,6,0,1,17.3,medium,3,62.9,high,4,6.2086689,very_low,0
295,1619,2762,4381,4,0,10,23,0,0,0,1,17.3,medium,3,74.1,high,4,6.6673375,very_low,0
296,699,3488,4187,4,0,10,24,0,1,1,1,19.0,medium,3,77.2,high,4,7.959064,very_low,0
297,695,3992,4687,4,0,10,25,0,2,1,1,19.3,medium,3,62.3,high,4,11.166086,low,1
298,404,3490,3894,4,0,10,26,0,3,1,2,19.9,medium,3,72.0,high,4,9.959014,low,1
299,240,2419,2659,4,0,10,27,0,4,1,2,19.3,medium,3,81.3,very_high,5,13.250121,low,1
300,456,3291,3747,4,0,10,28,0,5,1,2,13.6,low,2,58.6,high,4,15.375093,medium,2
301,57,570,627,4,0,10,29,0,6,0,3,10.4,low,2,88.2,very_high,5,23.541857,high,3
302,885,2446,3331,4,0,10,30,0,0,0,1,13.1,low,2,62.4,high,4,11.833339,low,1
303,362,3307,3669,4,0,10,31,0,1,1,1,13.9,low,2,70.3,high,4,7.12545,very_low,0
304,410,3658,4068,1,0,11,1,0,2,1,1,16.4,medium,3,68.4,high,4,9.083257,low,1
305,370,3816,4186,1,0,11,2,0,3,1,1,15.5,low,2,71.9,high,4,5.5001439,very_low,0
306,318,3656,3974,1,0,11,3,0,4,1,1,16.7,medium,3,70.2,high,4,9.166739,low,1
307,470,3576,4046,2,0,11,4,0,5,1,2,16.5,medium,3,62.2,high,4,18.209193,medium,2
308,1156,2770,3926,2,0,11,5,0,6,0,1,13.4,low,2,51.9,medium,3,12.667154,low,1
309,952,2697,3649,2,0,11,6,0,0,0,1,14.3,low,2,73.5,high,4,6.1676314,very_low,0
310,373,3662,4035,3,0,11,7,0,1,1,1,16.2,medium,3,75.9,high,4,3.834075,very_low,0
311,376,3829,4205,3,0,11,8,0,2,1,1,16.7,medium,3,72.2,high,4,4.6255125,very_low,0
312,305,3804,4109,3,0,11,9,0,3,1,1,16.4,medium,3,75.8,high,4,4.1671186,very_low,0
313,190,2743,2933,4,0,11,10,0,4,1,2,15.6,medium,3,81.3,very_high,5,12.667489,low,1
314,440,2928,3368,4,0,11,11,1,5,0,1,13.3,low,2,44.6,medium,3,21.083225,high,3
315,1275,2792,4067,4,0,11,12,0,6,0,1,14.6,low,2,55.3,medium,3,14.208154,low,1
316,1004,2713,3717,4,0,11,13,0,0,0,1,18.1,medium,3,45.8,medium,3,18.875307,medium,2
317,595,3891,4486,4,0,11,14,0,1,1,1,21.7,medium,3,58.7,high,4,20.541932,medium,2
318,449,3746,4195,4,0,11,15,0,2,1,2,21.7,medium,3,68.9,high,4,13.375411,low,1
319,145,1672,1817,4,0,11,16,0,3,1,3,18.7,medium,3,93.0,very_high,5,9.167543,low,1
320,139,2914,3053,4,0,11,17,0,4,1,2,14.0,low,2,57.6,medium,3,20.459254,medium,2
321,245,3147,3392,4,0,11,18,0,5,1,1,11.2,low,2,41.0,medium,3,11.291711,low,1
322,943,2720,3663,4,0,11,19,0,6,0,1,13.5,low,2,50.2,medium,3,15.041232,medium,2
323,787,2733,3520,4,0,11,20,0,0,0,2,19.0,medium,3,68.5,high,4,12.45865,low,1
324,220,2545,2765,4,0,11,21,0,1,1,3,18.3,medium,3,91.0,very_high,5,9.249618,low,1
325,69,1538,1607,4,0,11,22,0,2,1,3,17.1,medium,3,96.2,very_high,5,7.959064,very_low,0
326,112,2454,2566,4,0,11,23,0,3,1,2,18.1,medium,3,75.8,high,4,22.500275,high,3
327,560,935,1495,4,0,11,24,1,4,0,1,15.3,low,2,54.9,medium,3,11.209368,low,1
328,1095,1697,2792,4,0,11,25,0,5,1,1,15.4,low,2,64.4,high,4,6.6260186,very_low,0
329,1249,1819,3068,4,0,11,26,0,6,0,1,15.4,low,2,68.2,high,4,4.5841936,very_low,0
330,810,2261,3071,4,0,11,27,0,0,0,1,18.8,medium,3,69.8,high,4,13.999918,low,1
331,253,3614,3867,4,0,11,28,0,1,1,1,20.6,medium,3,74.3,high,4,9.522174,low,1
332,96,2818,2914,4,0,11,29,0,2,1,2,18.8,medium,3,83.1,very_high,5,17.292164,medium,2
333,188,3425,3613,4,0,11,30,0,3,1,1,13.3,low,2,61.3,high,4,18.167586,medium,2
334,182,3545,3727,1,0,12,1,0,4,1,1,12.8,low,2,52.5,medium,3,14.750586,medium,2
335,268,3672,3940,1,0,12,2,0,5,1,1,12.9,low,2,62.6,high,4,6.750518,very_low,0
336,706,2908,3614,1,0,12,3,0,6,0,1,12.3,low,2,61.3,high,4,6.4174811,very_low,0
337,634,2851,3485,2,0,12,4,0,0,0,1,13.6,low,2,77.6,high,4,5.6252061,very_low,0
338,233,3578,3811,2,0,12,5,0,1,1,2,15.8,medium,3,82.7,very_high,5,4.1679561,very_low,0
339,126,2468,2594,2,0,12,6,0,2,1,3,19.0,medium,3,95.0,very_high,5,15.583061,medium,2
340,50,655,705,3,0,12,7,0,3,1,3,16.8,medium,3,97.0,very_high,5,17.833725,medium,2
341,150,3172,3322,3,0,12,8,0,4,1,1,10.9,low,2,58.0,medium,3,16.083886,medium,2
342,261,3359,3620,3,0,12,9,0,5,1,1,11.9,low,2,69.6,high,4,5.5420189,very_low,0
343,502,2688,3190,4,0,12,10,0,6,0,1,11.3,low,2,50.8,medium,3,15.625807,medium,2
344,377,2366,2743,4,0,12,11,0,0,0,1,9.1,low,2,49.0,medium,3,4.4582939,very_low,0
345,143,3167,3310,4,0,12,12,0,1,1,1,9.8,low,2,67.1,high,4,4.25115,very_low,0
346,155,3368,3523,4,0,12,13,0,2,1,1,11.6,low,2,59.0,high,4,9.41685,low,1
347,178,3562,3740,4,0,12,14,0,3,1,2,13.0,low,2,66.4,high,4,4.0842061,very_low,0
348,181,3528,3709,4,0,12,15,0,4,1,2,17.3,medium,3,63.4,high,4,17.958814,medium,2
349,178,3399,3577,4,0,12,16,0,5,1,2,15.4,low,2,50.0,medium,3,17.458525,medium,2
350,275,2464,2739,4,0,12,17,0,6,0,2,10.6,low,2,56.1,medium,3,16.292189,medium,2
351,220,2211,2431,4,0,12,18,0,0,0,1,9.8,low,2,58.6,high,4,11.375193,low,1
352,260,3143,3403,4,0,12,19,0,1,1,1,11.3,low,2,63.8,high,4,11.584032,low,1
353,216,3534,3750,4,0,12,20,0,2,1,2,15.8,medium,3,59.5,high,4,4.1252436,very_low,0
354,107,2553,2660,4,0,12,21,0,3,1,2,17.6,medium,3,85.8,very_high,5,14.8338,medium,2
355,227,2841,3068,4,0,12,22,0,4,1,2,17.4,medium,3,75.8,high,4,3.167425,very_low,0
356,163,2046,2209,4,0,12,23,0,5,1,1,15.3,low,2,68.6,high,4,18.374482,medium,2
357,155,856,1011,4,0,12,24,0,6,0,1,12.4,low,2,54.2,medium,3,12.750368,low,1
358,303,451,754,4,0,12,25,0,0,0,1,11.3,low,2,68.1,high,4,10.391097,low,1
359,430,887,1317,4,0,12,26,1,1,0,1,13.2,low,2,50.7,medium,3,16.044155,medium,2
360,103,1059,1162,4,0,12,27,0,2,1,2,13.3,low,2,76.2,high,4,12.62615,low,1
361,255,2047,2302,4,0,12,28,0,3,1,1,12.3,low,2,50.4,medium,3,19.695387,medium,2
362,254,2169,2423,4,0,12,29,0,4,1,1,10.2,low,2,57.4,medium,3,8.000604,low,1
363,491,2508,2999,4,0,12,30,0,5,1,1,12.8,low,2,63.7,high,4,9.000579,low,1
364,665,1820,2485,4,0,12,31,0,6,0,1,16.8,medium,3,61.6,high,4,14.750318,medium,2
365,686,1608,2294,1,1,1,1,0,0,0,1,15.2,low,2,69.2,high,4,12.875189,low,1
366,244,1707,1951,1,1,1,2,1,1,0,1,11.2,low,2,38.1,low,2,22.087555,high,3
367,89,2147,2236,1,1,1,3,0,2,1,1,6.2,very_low,1,44.1,medium,3,24.499957,high,3
368,95,2273,2368,2,1,1,4,0,3,1,2,4.4,very_low,1,41.5,medium,3,12.3749,low,1
369,140,3132,3272,2,1,1,5,0,4,1,1,10.9,low,2,52.4,medium,3,8.709129,low,1
370,307,3791,4098,2,1,1,6,0,5,1,1,13.7,low,2,54.2,medium,3,11.249836,low,1
371,1070,3451,4521,3,1,1,7,0,6,0,1,16.1,medium,3,53.2,medium,3,11.708786,low,1
372,599,2826,3425,3,1,1,8,0,0,0,1,13.8,low,2,46.5,medium,3,12.833314,low,1
373,106,2270,2376,3,1,1,9,0,1,1,2,9.2,low,2,70.2,high,4,6.6263,very_low,0
374,173,3425,3598,4,1,1,10,0,2,1,1,12.7,low,2,64.7,high,4,12.565984,low,1
375,92,2085,2177,4,1,1,11,0,3,1,2,11.2,low,2,84.8,very_high,5,8.791807,low,1
376,269,3828,4097,4,1,1,12,0,4,1,2,15.7,medium,3,80.3,very_high,5,12.124789,low,1
377,174,3040,3214,1,1,1,13,0,5,1,1,11.2,low,2,50.8,medium,3,25.333236,high,3
378,333,2160,2493,1,1,1,14,0,6,0,1,7.4,very_low,1,45.8,medium,3,12.541261,low,1
379,284,2027,2311,1,1,1,15,0,0,0,1,6.8,very_low,1,41.9,medium,3,16.834286,medium,2
380,217,2081,2298,1,1,1,16,1,1,0,1,7.8,very_low,1,52.2,medium,3,15.500986,medium,2
381,127,2808,2935,1,1,1,17,0,2,1,2,15.3,low,2,71.6,high,4,23.39171,high,3
382,109,3267,3376,1,1,1,18,0,3,1,1,12.4,low,2,44.3,medium,3,27.833743,very_high,4
383,130,3162,3292,1,1,1,19,0,4,1,1,7.8,very_low,1,49.8,medium,3,14.750586,medium,2
384,115,3048,3163,1,1,1,20,0,5,1,2,8.9,very_low,1,45.0,medium,3,13.58425,low,1
385,67,1234,1301,1,1,1,21,0,6,0,2,7.1,very_low,1,83.1,very_high,5,14.917014,medium,2
386,196,1781,1977,1,1,1,22,0,0,0,2,6.7,very_low,1,79.6,very_high,5,13.375746,low,1
387,145,2287,2432,1,1,1,23,0,1,1,2,9.0,low,2,91.1,very_high,5,7.417436,very_low,0
388,439,3900,4339,1,1,1,24,0,2,1,1,14.0,low,2,83.6,very_high,5,8.292389,low,1
389,467,3803,4270,1,1,1,25,0,3,1,1,12.1,low,2,64.4,high,4,10.791757,low,1
390,244,3831,4075,1,1,1,26,0,4,1,2,14.0,low,2,77.0,high,4,4.9175186,very_low,0
391,269,3187,3456,1,1,1,27,0,5,1,2,17.4,medium,3,74.1,high,4,22.958689,high,3
392,775,3248,4023,1,1,1,28,0,6,0,1,12.9,low,2,54.3,medium,3,14.125543,low,1
393,558,2685,3243,1,1,1,29,0,0,0,1,11.6,low,2,31.1,low,2,16.08335,medium,2
394,126,3498,3624,1,1,1,30,0,1,1,1,11.0,low,2,40.1,medium,3,14.458064,low,1
395,324,4185,4509,1,1,1,31,0,2,1,1,16.0,medium,3,41.7,medium,3,17.541739,medium,2
396,304,4275,4579,1,1,2,1,0,3,1,1,19.2,medium,3,50.8,medium,3,12.667489,low,1
397,190,3571,3761,1,1,2,2,0,4,1,2,16.4,medium,3,67.3,high,4,12.541529,low,1
398,310,3841,4151,1,1,2,3,0,5,1,1,12.8,low,2,52.7,medium,3,11.959232,low,1
399,384,2448,2832,2,1,2,4,0,6,0,2,10.8,low,2,78.0,very_high,5,8.167032,low,1
400,318,2629,2947,2,1,2,5,0,0,0,2,10.9,low,2,68.8,high,4,11.791732,low,1
401,206,3578,3784,2,1,2,6,0,1,1,1,11.6,low,2,62.2,high,4,10.3046,low,1
402,199,4176,4375,3,1,2,7,0,2,1,1,14.5,low,2,49.6,medium,3,9.874393,low,1
403,109,2693,2802,3,1,2,8,0,3,1,2,10.5,low,2,72.3,high,4,8.959307,low,1
404,163,3667,3830,3,1,2,9,0,4,1,1,10.9,low,2,56.2,medium,3,13.000479,low,1
405,227,3604,3831,4,1,2,10,0,5,1,2,11.5,low,2,54.0,medium,3,7.834243,very_low,0
406,192,1977,2169,4,1,2,11,0,6,0,3,9.2,low,2,73.1,high,4,19.416332,medium,2
407,73,1456,1529,4,1,2,12,0,0,0,1,5.2,very_low,1,46.5,medium,3,27.417204,high,3
408,94,3328,3422,1,1,2,13,0,1,1,1,9.1,low,2,41.1,medium,3,11.207961,low,1
409,135,3787,3922,1,1,2,14,0,2,1,2,13.1,low,2,50.9,medium,3,9.458993,low,1
410,141,4028,4169,1,1,2,15,0,3,1,1,14.3,low,2,53.1,medium,3,12.1672,low,1
411,74,2931,3005,1,1,2,16,0,4,1,2,13.0,low,2,75.3,high,4,6.125475,very_low,0
412,349,3805,4154,1,1,2,17,0,5,1,1,14.1,low,2,63.5,high,4,13.791682,low,1
413,1435,2883,4318,1,1,2,18,0,6,0,1,14.2,low,2,53.5,medium,3,12.792243,low,1
414,618,2071,2689,1,1,2,19,0,0,0,2,11.5,low,2,51.6,medium,3,16.958504,medium,2
415,502,2627,3129,1,1,2,20,1,1,0,1,11.5,low,2,50.8,medium,3,15.348561,medium,2
416,163,3614,3777,1,1,2,21,0,2,1,1,11.8,low,2,59.4,high,4,13.783039,low,1
417,394,4379,4773,1,1,2,22,0,3,1,1,16.2,medium,3,56.8,medium,3,15.709557,medium,2
418,516,4546,5062,1,1,2,23,0,4,1,1,18.6,medium,3,55.5,medium,3,12.791171,low,1
419,246,3241,3487,1,1,2,24,0,5,1,2,16.7,medium,3,73.8,high,4,15.916989,medium,2
420,317,2415,2732,1,1,2,25,0,6,0,1,11.9,low,2,39.6,medium,3,28.250014,very_high,4
421,515,2874,3389,1,1,2,26,0,0,0,1,11.4,low,2,41.0,medium,3,13.750343,low,1
422,253,4069,4322,1,1,2,27,0,1,1,1,15.0,low,2,49.1,medium,3,17.958211,medium,2
423,229,4134,4363,1,1,2,28,0,2,1,1,14.7,low,2,39.6,medium,3,12.958939,low,1
424,325,4665,4990,1,1,3,1,0,4,1,1,19.9,medium,3,61.5,high,4,15.208129,medium,2
425,246,2948,3194,1,1,3,2,0,5,1,2,14.5,low,2,65.7,high,4,9.708568,low,1
426,956,3110,4066,1,1,3,3,0,6,0,2,17.0,medium,3,62.1,high,4,10.792293,low,1
427,710,2713,3423,2,1,3,4,0,0,0,1,13.4,low,2,40.3,medium,3,22.416257,high,3
428,203,3130,3333,2,1,3,5,0,1,1,1,10.0,low,2,50.6,medium,3,15.333486,medium,2
429,221,3735,3956,2,1,3,6,0,2,1,1,10.6,low,2,45.7,medium,3,13.458625,low,1
430,432,4484,4916,3,1,3,7,0,3,1,1,16.6,medium,3,51.3,medium,3,23.167193,high,3
431,486,4896,5382,3,1,3,8,0,4,1,1,21.6,medium,3,56.8,medium,3,29.584721,very_high,4
432,447,4122,4569,3,1,3,9,0,5,1,2,16.8,medium,3,40.7,medium,3,27.7916,very_high,4
433,968,3150,4118,4,1,3,10,0,6,0,1,11.8,low,2,35.0,low,2,15.12525,medium,2
434,1658,3253,4911,4,1,3,11,0,0,0,1,14.8,low,2,47.7,medium,3,14.913329,medium,2
435,838,4460,5298,4,1,3,12,0,1,1,1,19.1,medium,3,48.9,medium,3,13.916771,low,1
436,762,5085,5847,1,1,3,13,0,2,1,1,23.2,high,4,61.8,high,4,15.87565,medium,2
437,997,5315,6312,1,1,3,14,0,3,1,1,23.5,high,4,50.7,medium,3,7.709154,very_low,0
438,1005,5187,6192,1,1,3,15,0,4,1,1,22.9,high,4,58.0,medium,3,10.042161,low,1
439,548,3830,4378,1,1,3,16,0,5,1,2,17.9,medium,3,84.2,very_high,5,7.583864,very_low,0
440,3155,4681,7836,1,1,3,17,0,6,0,2,21.1,medium,3,75.6,high,4,7.417168,very_low,0
441,2207,3685,5892,1,1,3,18,0,0,0,2,19.4,medium,3,81.0,very_high,5,8.501161,low,1
442,982,5171,6153,1,1,3,19,0,1,1,1,22.3,high,4,72.9,high,4,10.875239,low,1
443,1051,5042,6093,1,1,3,20,0,2,1,1,23.0,high,4,80.8,very_high,5,8.125157,low,1
444,1122,5108,6230,1,1,3,21,0,3,1,2,21.8,medium,3,82.1,very_high,5,6.0004061,very_low,0
445,1334,5537,6871,1,1,3,22,0,4,1,1,22.7,high,4,83.1,very_high,5,7.876654,very_low,0
446,2469,5893,8362,1,1,3,23,0,5,1,2,24.7,high,4,69.4,high,4,7.7921,very_low,0
447,1033,2339,3372,1,1,3,24,0,6,0,2,20.6,medium,3,88.5,very_high,5,12.916461,low,1
448,1532,3464,4996,1,1,3,25,0,0,0,2,17.9,medium,3,88.1,very_high,5,14.791925,medium,2
449,795,4763,5558,1,1,3,26,0,1,1,1,18.3,medium,3,47.8,medium,3,25.917007,high,3
450,531,4571,5102,1,1,3,27,0,2,1,1,13.3,low,2,29.0,low,2,12.541864,low,1
451,674,5024,5698,1,1,3,28,0,3,1,1,19.9,medium,3,48.1,medium,3,19.541957,medium,2
452,834,5299,6133,1,1,3,29,0,4,1,1,20.3,medium,3,43.9,medium,3,21.41655,high,3
453,796,4663,5459,1,1,3,30,0,5,1,2,15.2,low,2,58.1,medium,3,9.250489,low,1
454,2301,3934,6235,1,1,3,31,0,6,0,2,17.4,medium,3,73.8,high,4,16.791339,medium,2
455,2347,3694,6041,1,1,4,1,0,0,0,2,17.5,medium,3,67.6,high,4,11.541889,low,1
456,1208,4728,5936,1,1,4,2,0,1,1,1,17.8,medium,3,50.4,medium,3,20.913313,medium,2
457,1348,5424,6772,1,1,4,3,0,2,1,1,19.1,medium,3,39.7,medium,3,6.708911,very_low,0
458,1058,5378,6436,2,1,4,4,0,3,1,1,22.2,high,4,47.0,medium,3,12.125325,low,1
459,1192,5265,6457,2,1,4,5,0,4,1,1,17.8,medium,3,37.4,low,2,14.708443,medium,2
460,1807,4653,6460,2,1,4,6,0,5,1,1,16.5,medium,3,37.7,low,2,20.125996,medium,2
461,3252,3605,6857,3,1,4,7,0,6,0,1,17.9,medium,3,25.4,low,2,18.416357,medium,2
462,2230,2939,5169,3,1,4,8,0,0,0,1,20.5,medium,3,27.6,low,2,15.583932,medium,2
463,905,4680,5585,3,1,4,9,0,1,1,1,20.1,medium,3,31.8,low,2,23.999132,high,3
464,819,5099,5918,4,1,4,10,0,2,1,1,18.3,medium,3,43.5,medium,3,16.708125,medium,2
465,482,4380,4862,4,1,4,11,0,3,1,1,14.3,low,2,47.0,medium,3,19.783358,medium,2
466,663,4746,5409,4,1,4,12,0,4,1,1,16.3,medium,3,46.6,medium,3,19.458743,medium,2
467,1252,5146,6398,2,1,4,13,0,5,1,1,18.1,medium,3,40.8,medium,3,10.416557,low,1
468,2795,4665,7460,2,1,4,14,0,6,0,1,20.3,medium,3,50.3,medium,3,12.791439,low,1
469,2846,4286,7132,2,1,4,15,0,0,0,1,24.9,high,4,50.8,medium,3,15.083643,medium,2
470,1198,5172,6370,2,1,4,16,1,1,0,1,27.2,high,4,56.2,medium,3,19.083543,medium,2
471,989,5702,6691,2,1,4,17,0,2,1,1,24.9,high,4,39.0,medium,3,18.333143,medium,2
472,347,4020,4367,2,1,4,18,0,3,1,2,19.0,medium,3,56.9,medium,3,11.250104,low,1
473,846,5719,6565,2,1,4,19,0,4,1,1,20.4,medium,3,61.2,high,4,4.4172564,very_low,0
474,1340,5950,7290,2,1,4,20,0,5,1,1,21.6,medium,3,69.5,high,4,10.041357,low,1
475,2541,4083,6624,2,1,4,21,0,6,0,1,23.4,high,4,68.3,high,4,19.000329,medium,2
476,120,907,1027,2,1,4,22,0,0,0,3,16.3,medium,3,83.5,very_high,5,23.084582,high,3
477,195,3019,3214,2,1,4,23,0,1,1,2,13.2,low,2,76.7,high,4,20.334232,medium,2
478,518,5115,5633,2,1,4,24,0,2,1,1,16.9,medium,3,45.4,medium,3,16.708661,medium,2
479,655,5541,6196,2,1,4,25,0,3,1,1,19.5,medium,3,42.8,medium,3,7.959064,very_low,0
480,475,4551,5026,2,1,4,26,0,4,1,2,20.4,medium,3,75.7,high,4,11.833875,low,1
481,1014,5219,6233,2,1,4,27,0,5,1,1,18.8,medium,3,40.1,medium,3,23.291411,high,3
482,1120,3100,4220,2,1,4,28,0,6,0,2,15.4,low,2,49.0,medium,3,8.708325,low,1
483,2229,4075,6304,2,1,4,29,0,0,0,1,18.8,medium,3,58.7,high,4,7.832836,very_low,0
484,665,4907,5572,2,1,4,30,0,1,1,2,19.0,medium,3,57.0,medium,3,11.499746,low,1
485,653,5087,5740,1,1,5,1,0,2,1,2,25.1,high,4,66.0,high,4,10.458432,low,1
486,667,5502,6169,1,1,5,2,0,3,1,1,23.1,high,4,79.7,very_high,5,9.249886,low,1
487,764,5657,6421,1,1,5,3,0,4,1,2,23.0,high,4,76.8,high,4,8.957632,low,1
488,1069,5227,6296,2,1,5,4,0,5,1,1,25.7,high,4,73.5,high,4,10.916846,low,1
489,2496,4387,6883,2,1,5,5,0,6,0,2,25.5,high,4,75.7,high,4,10.250464,low,1
490,2135,4224,6359,2,1,5,6,0,0,0,2,23.1,high,4,74.0,high,4,10.041893,low,1
491,1008,5265,6273,3,1,5,7,0,1,1,2,22.0,medium,3,66.4,high,4,15.458307,medium,2
492,738,4990,5728,3,1,5,8,0,2,1,2,23.8,high,4,68.6,high,4,19.833943,medium,2
493,620,4097,4717,3,1,5,9,0,3,1,2,23.6,high,4,74.4,high,4,14.499604,low,1
494,1026,5546,6572,4,1,5,10,0,4,1,1,20.7,medium,3,55.2,medium,3,21.042221,high,3
495,1319,5711,7030,4,1,5,11,0,5,1,1,21.9,medium,3,36.0,low,2,15.874779,medium,2
496,2622,4807,7429,4,1,5,12,0,6,0,1,23.1,high,4,48.0,medium,3,8.249911,low,1
497,2172,3946,6118,2,1,5,13,0,0,0,1,25.1,high,4,57.6,medium,3,15.082839,medium,2
498,342,2501,2843,2,1,5,14,0,1,1,2,23.5,high,4,79.0,very_high,5,14.250364,low,1
499,625,4490,5115,2,1,5,15,0,2,1,2,25.1,high,4,79.5,very_high,5,9.875264,low,1
500,991,6433,7424,2,1,5,16,0,3,1,1,26.1,high,4,69.8,high,4,8.208304,low,1
501,1242,6142,7384,2,1,5,17,0,4,1,1,24.3,high,4,52.0,medium,3,15.374825,medium,2
502,1521,6118,7639,2,1,5,18,0,5,1,1,23.1,high,4,52.3,medium,3,9.166739,low,1
503,3410,4884,8294,2,1,5,19,0,6,0,1,24.6,high,4,45.6,medium,3,5.626325,very_low,0
504,2704,4425,7129,2,1,5,20,0,0,0,1,25.5,high,4,53.0,medium,3,17.042589,medium,2
505,630,3729,4359,2,1,5,21,0,1,1,2,24.5,high,4,81.1,very_high,5,15.624668,medium,2
506,819,5254,6073,2,1,5,22,0,2,1,2,25.2,high,4,76.6,high,4,7.917189,very_low,0
507,766,4494,5260,2,1,5,23,0,3,1,2,25.5,high,4,77.5,high,4,6.834,very_low,0
508,1059,5711,6770,2,1,5,24,0,4,1,1,26.9,high,4,71.7,high,4,11.584032,low,1
509,1417,5317,6734,2,1,5,25,0,5,1,1,27.9,high,4,74.7,high,4,9.41685,low,1
510,2855,3681,6536,2,1,5,26,0,6,0,1,28.4,high,4,73.2,high,4,13.332464,low,1
511,3283,3308,6591,2,1,5,27,0,0,0,1,28.3,high,4,69.7,high,4,14.416457,low,1
512,2557,3486,6043,2,1,5,28,1,1,0,1,29.2,very_high,5,67.6,high,4,13.166907,low,1
513,880,4863,5743,2,1,5,29,0,2,1,1,29.6,very_high,5,68.5,high,4,19.7918,medium,2
514,745,6110,6855,2,1,5,30,0,3,1,2,26.9,high,4,67.0,high,4,9.000043,low,1
515,1100,6238,7338,2,1,5,31,0,4,1,1,27.9,high,4,49.3,medium,3,13.083693,low,1
516,533,3594,4127,1,1,6,1,0,5,1,2,26.8,high,4,75.5,high,4,15.916721,medium,2
517,2795,5325,8120,1,1,6,2,0,6,0,1,23.9,high,4,54.9,medium,3,12.499654,low,1
518,2494,5147,7641,1,1,6,3,0,0,0,1,24.7,high,4,49.3,medium,3,12.333829,low,1
519,1071,5927,6998,2,1,6,4,0,1,1,1,24.5,high,4,48.7,medium,3,19.083811,medium,2
520,968,6033,7001,2,1,6,5,0,2,1,2,22.2,high,4,61.3,high,4,14.041525,low,1
521,1027,6028,7055,2,1,6,6,0,3,1,1,22.7,high,4,61.1,high,4,5.167375,very_low,0
522,1038,6456,7494,3,1,6,7,0,4,1,1,24.7,high,4,56.7,medium,3,10.54245,low,1
523,1488,6248,7736,3,1,6,8,0,5,1,1,26.6,high,4,46.8,medium,3,11.750661,low,1
524,2708,4790,7498,3,1,6,9,0,6,0,1,29.1,very_high,5,43.7,medium,3,9.667229,low,1
525,2224,4374,6598,4,1,6,10,0,0,0,1,29.8,very_high,5,53.8,medium,3,8.959307,low,1
526,1017,5647,6664,4,1,6,11,0,1,1,2,29.6,very_high,5,58.8,high,4,13.916771,low,1
527,477,4495,4972,4,1,6,12,0,2,1,2,26.8,high,4,83.3,very_high,5,14.374582,low,1
528,1173,6248,7421,2,1,6,13,0,3,1,1,26.9,high,4,58.2,medium,3,22.999693,high,3
529,1180,6183,7363,2,1,6,14,0,4,1,1,26.6,high,4,57.0,medium,3,17.000111,medium,2
530,1563,6102,7665,2,1,6,15,0,5,1,1,26.2,high,4,59.0,high,4,11.833339,low,1
531,2963,4739,7702,2,1,6,16,0,6,0,1,25.9,high,4,50.4,medium,3,11.166689,low,1
532,2634,4344,6978,2,1,6,17,0,0,0,1,24.3,high,4,59.9,high,4,9.708568,low,1
533,653,4446,5099,2,1,6,18,0,1,1,2,23.3,high,4,77.8,very_high,5,11.707982,low,1
534,968,5857,6825,2,1,6,19,0,2,1,1,28.2,high,4,69.0,high,4,9.917139,low,1
535,872,5339,6211,2,1,6,20,0,3,1,1,32.1,very_high,5,59.2,high,4,7.625404,very_low,0
536,778,5127,5905,2,1,6,21,0,4,1,1,33.0,very_high,5,56.8,medium,3,7.958729,very_low,0
537,964,4859,5823,2,1,6,22,0,5,1,1,31.9,very_high,5,57.4,medium,3,12.250414,low,1
538,2657,4801,7458,2,1,6,23,0,6,0,1,30.0,very_high,5,53.5,medium,3,12.041307,low,1
539,2551,4340,6891,2,1,6,24,0,0,0,1,30.5,very_high,5,47.9,medium,3,9.750175,low,1
540,1139,5640,6779,2,1,6,25,0,1,1,1,29.3,very_high,5,50.4,medium,3,20.125661,medium,2
541,1077,6365,7442,2,1,6,26,0,2,1,1,25.9,high,4,37.3,low,2,23.292014,high,3
542,1077,6258,7335,2,1,6,27,0,3,1,1,28.6,high,4,36.0,low,2,18.208925,medium,2
543,921,5958,6879,2,1,6,28,0,4,1,1,30.7,very_high,5,42.2,medium,3,11.50055,low,1
544,829,4634,5463,2,1,6,29,0,5,1,1,34.2,very_high,5,48.9,medium,3,11.082939,low,1
545,1455,4232,5687,2,1,6,30,0,6,0,1,31.4,very_high,5,60.1,high,4,10.791757,low,1
546,1421,4110,5531,1,1,7,1,0,0,0,1,33.4,very_high,5,51.9,medium,3,11.291443,low,1
547,904,5323,6227,1,1,7,2,0,1,1,1,32.0,very_high,5,44.7,medium,3,13.082889,low,1
548,1052,5608,6660,1,1,7,3,0,2,1,1,32.0,very_high,5,49.2,medium,3,8.457879,low,1
549,2562,4841,7403,2,1,7,4,1,3,0,1,32.4,very_high,5,53.9,medium,3,9.04165,low,1
550,1405,4836,6241,2,1,7,5,0,4,1,1,33.9,very_high,5,45.8,medium,3,12.999943,low,1
551,1366,4841,6207,2,1,7,6,0,5,1,1,34.0,very_high,5,45.1,medium,3,9.791514,low,1
552,1448,3392,4840,3,1,7,7,0,6,0,1,35.3,very_high,5,49.2,medium,3,10.958118,low,1
553,1203,3469,4672,3,1,7,8,0,0,0,1,33.7,very_high,5,57.4,medium,3,8.417143,low,1
554,998,5571,6569,3,1,7,9,0,1,1,2,29.1,very_high,5,68.3,high,4,12.125325,low,1
555,954,5336,6290,4,1,7,10,0,2,1,2,29.6,very_high,5,66.8,high,4,10.166379,low,1
556,975,6289,7264,4,1,7,11,0,3,1,1,29.4,very_high,5,63.3,high,4,10.166111,low,1
557,1032,6414,7446,4,1,7,12,0,4,1,1,29.3,very_high,5,53.0,medium,3,9.833925,low,1
558,1511,5988,7499,3,1,7,13,0,5,1,2,30.0,very_high,5,48.6,medium,3,5.41695,very_low,0
559,2355,4614,6969,3,1,7,14,0,6,0,2,28.8,very_high,5,69.9,high,4,9.626493,low,1
560,1920,4111,6031,3,1,7,15,0,0,0,1,30.6,very_high,5,71.8,high,4,11.166689,low,1
561,1088,5742,6830,3,1,7,16,0,1,1,1,31.3,very_high,5,64.5,high,4,11.000529,low,1
562,921,5865,6786,3,1,7,17,0,2,1,1,33.6,very_high,5,50.6,medium,3,7.666743,very_low,0
563,799,4914,5713,3,1,7,18,0,3,1,1,32.5,very_high,5,57.7,medium,3,9.208614,low,1
564,888,5703,6591,3,1,7,19,0,4,1,1,31.6,very_high,5,60.0,high,4,11.083743,low,1
565,747,5123,5870,3,1,7,20,0,5,1,2,27.3,high,4,84.4,very_high,5,14.000789,low,1
566,1264,3195,4459,3,1,7,21,0,6,0,3,24.4,high,4,86.5,very_high,5,14.2911,low,1
567,2544,4866,7410,3,1,7,22,0,0,0,2,27.4,high,4,76.2,high,4,6.2926936,very_low,0
568,1135,5831,6966,3,1,7,23,0,1,1,1,30.4,very_high,5,69.4,high,4,9.291761,low,1
569,1140,6452,7592,3,1,7,24,0,2,1,1,30.8,very_high,5,65.5,high,4,14.167418,low,1
570,1383,6790,8173,3,1,7,25,0,3,1,1,29.7,very_high,5,45.0,medium,3,11.0416,low,1
571,1036,5825,6861,3,1,7,26,0,4,1,1,31.8,very_high,5,59.7,high,4,19.082471,medium,2
572,1259,5645,6904,3,1,7,27,0,5,1,1,32.0,very_high,5,59.5,high,4,10.250464,low,1
573,2234,4451,6685,3,1,7,28,0,6,0,1,31.0,very_high,5,61.3,high,4,10.54245,low,1
574,2153,4444,6597,3,1,7,29,0,0,0,1,29.6,very_high,5,62.4,high,4,11.416532,low,1
575,1040,6065,7105,3,1,7,30,0,1,1,1,30.0,very_high,5,66.9,high,4,10.292339,low,1
576,968,6248,7216,3,1,7,31,0,2,1,1,29.2,very_high,5,70.4,high,4,11.083475,low,1
577,1074,6506,7580,1,1,8,1,0,3,1,1,29.4,very_high,5,67.8,high,4,9.458993,low,1
578,983,6278,7261,1,1,8,2,0,4,1,1,30.9,very_high,5,66.0,high,4,8.666718,low,1
579,1328,5847,7175,1,1,8,3,0,5,1,2,31.4,very_high,5,64.2,high,4,14.458064,low,1
580,2345,4479,6824,2,1,8,4,0,6,0,1,32.5,very_high,5,61.3,high,4,17.249686,medium,2
581,1707,3757,5464,2,1,8,5,0,0,0,1,31.5,very_high,5,65.2,high,4,19.458207,medium,2
582,1233,5780,7013,2,1,8,6,0,1,1,2,30.9,very_high,5,65.4,high,4,8.666718,low,1
583,1278,5995,7273,3,1,8,7,0,2,1,2,30.2,very_high,5,70.4,high,4,7.832836,very_low,0
584,1263,6271,7534,3,1,8,8,0,3,1,2,30.8,very_high,5,67.3,high,4,7.4169,very_low,0
585,1196,6090,7286,3,1,8,9,0,4,1,1,31.0,very_high,5,62.0,high,4,10.4587,low,1
586,1065,4721,5786,4,1,8,10,0,5,1,2,29.3,very_high,5,71.6,high,4,16.000471,medium,2
587,2247,4052,6299,4,1,8,11,0,6,0,2,28.4,high,4,73.3,high,4,13.834093,low,1
588,2182,4362,6544,4,1,8,12,0,0,0,1,28.7,high,4,53.0,medium,3,8.208304,low,1
589,1207,5676,6883,3,1,8,13,0,1,1,1,29.6,very_high,5,54.5,medium,3,9.126204,low,1
590,1128,5656,6784,3,1,8,14,0,2,1,1,29.8,very_high,5,68.7,high,4,11.333586,low,1
591,1198,6149,7347,3,1,8,15,0,3,1,1,29.0,very_high,5,62.0,high,4,11.374657,low,1
592,1338,6267,7605,3,1,8,16,0,4,1,1,29.5,very_high,5,51.9,medium,3,9.500332,low,1
593,1483,5665,7148,3,1,8,17,0,5,1,1,29.7,very_high,5,57.1,medium,3,15.500718,medium,2
594,2827,5038,7865,3,1,8,18,0,6,0,1,27.8,high,4,60.3,high,4,11.917089,low,1
595,1208,3341,4549,3,1,8,19,0,0,0,2,26.1,high,4,71.2,high,4,5.79215,very_low,0
596,1026,5504,6530,3,1,8,20,0,1,1,2,26.1,high,4,73.4,high,4,8.708593,low,1
597,1081,5925,7006,3,1,8,21,0,2,1,1,26.6,high,4,67.4,high,4,4.8756436,very_low,0
598,1094,6281,7375,3,1,8,22,0,3,1,1,27.4,high,4,67.7,high,4,4.7089811,very_low,0
599,1363,6402,7765,3,1,8,23,0,4,1,1,28.5,high,4,63.6,high,4,5.6679186,very_low,0
600,1325,6257,7582,3,1,8,24,0,5,1,2,28.8,very_high,5,61.5,high,4,4.8337686,very_low,0
601,1829,4224,6053,3,1,8,25,0,6,0,2,27.1,high,4,71.3,high,4,16.375336,medium,2
602,1483,3772,5255,3,1,8,26,0,0,0,2,26.8,high,4,84.6,very_high,5,15.333486,medium,2
603,989,5928,6917,3,1,8,27,0,1,1,1,28.8,very_high,5,73.0,high,4,8.625111,low,1
604,935,6105,7040,3,1,8,28,0,2,1,1,29.9,very_high,5,62.0,high,4,12.791975,low,1
605,1177,6520,7697,3,1,8,29,0,3,1,1,28.1,high,4,55.2,medium,3,7.541654,very_low,0
606,1172,6541,7713,3,1,8,30,0,4,1,1,29.0,very_high,5,59.0,high,4,5.1668189,very_low,0
607,1433,5917,7350,3,1,8,31,0,5,1,1,31.3,very_high,5,58.8,high,4,11.291711,low,1
608,2352,3788,6140,1,1,9,1,0,6,0,2,30.9,very_high,5,63.8,high,4,7.583529,very_low,0
609,2613,3197,5810,1,1,9,2,0,0,0,2,28.6,high,4,81.5,very_high,5,4.2927436,very_low,0
610,1965,4069,6034,1,1,9,3,1,1,0,1,29.0,very_high,5,79.1,very_high,5,10.125107,low,1
611,867,5997,6864,2,1,9,4,0,2,1,1,29.8,very_high,5,75.5,high,4,15.833507,medium,2
612,832,6280,7112,2,1,9,5,0,3,1,1,30.2,very_high,5,74.1,high,4,12.583136,low,1
613,611,5592,6203,2,1,9,6,0,4,1,2,28.6,high,4,81.0,very_high,5,9.542207,low,1
614,1045,6459,7504,3,1,9,7,0,5,1,1,28.8,very_high,5,73.6,high,4,11.500282,low,1
615,1557,4419,5976,3,1,9,8,0,6,0,2,27.0,high,4,79.9,very_high,5,18.833968,medium,2
616,2570,5657,8227,3,1,9,9,0,0,0,1,25.0,high,4,54.8,medium,3,15.041232,medium,2
617,1118,6407,7525,4,1,9,10,0,1,1,1,23.9,high,4,50.4,medium,3,17.333771,medium,2
618,1070,6697,7767,4,1,9,11,0,2,1,1,23.7,high,4,52.0,medium,3,6.1676314,very_low,0
619,1050,6820,7870,4,1,9,12,0,3,1,1,24.6,high,4,57.7,medium,3,8.833682,low,1
620,1054,6750,7804,3,1,9,13,0,4,1,1,25.1,high,4,63.7,high,4,5.5422936,very_low,0
621,1379,6630,8009,3,1,9,14,0,5,1,1,26.0,high,4,67.2,high,4,6.958821,very_low,0
622,3160,5554,8714,3,1,9,15,0,6,0,1,24.9,high,4,50.2,medium,3,16.583907,medium,2
623,2166,5167,7333,3,1,9,16,0,0,0,1,23.8,high,4,57.0,medium,3,6.0422811,very_low,0
624,1022,5847,6869,3,1,9,17,0,1,1,2,23.8,high,4,73.5,high,4,10.166714,low,1
625,371,3702,4073,3,1,9,18,0,2,1,2,25.6,high,4,87.2,very_high,5,23.958329,high,3
626,788,6803,7591,3,1,9,19,0,3,1,1,22.7,high,4,53.7,medium,3,14.416725,low,1
627,939,6781,7720,3,1,9,20,0,4,1,1,22.4,high,4,61.8,high,4,7.917189,very_low,0
628,1250,6917,8167,3,1,9,21,0,5,1,1,24.6,high,4,66.9,high,4,10.333343,low,1
629,2512,5883,8395,3,1,9,22,0,6,0,1,26.6,high,4,64.7,high,4,19.000061,medium,2
630,2454,5453,7907,3,1,9,23,0,0,0,1,21.7,medium,3,46.7,medium,3,14.958286,medium,2
631,1001,6435,7436,3,1,9,24,0,1,1,1,21.1,medium,3,49.3,medium,3,9.541068,low,1
632,845,6693,7538,3,1,9,25,0,2,1,1,22.6,high,4,57.0,medium,3,15.833507,medium,2
633,787,6946,7733,3,1,9,26,0,3,1,1,26.0,high,4,63.1,high,4,16.3748,medium,2
634,751,6642,7393,3,1,9,27,0,4,1,2,26.6,high,4,69.1,high,4,9.000914,low,1
635,1045,6370,7415,3,1,9,28,0,5,1,2,25.4,high,4,69.0,high,4,10.999993,low,1
636,2589,5966,8555,3,1,9,29,0,6,0,1,22.2,high,4,54.3,medium,3,15.249468,medium,2
637,2015,4874,6889,3,1,9,30,0,0,0,1,21.6,medium,3,58.3,medium,3,9.042186,low,1
638,763,6015,6778,1,1,10,1,0,1,1,2,21.4,medium,3,64.9,high,4,6.0838814,very_low,0
639,315,4324,4639,1,1,10,2,0,2,1,3,24.2,high,4,87.2,very_high,5,6.999825,very_low,0
640,728,6844,7572,1,1,10,3,0,3,1,2,27.0,high,4,79.4,very_high,5,4.4585686,very_low,0
641,891,6437,7328,2,1,10,4,0,4,1,2,27.0,high,4,72.3,high,4,7.875582,very_low,0
642,1516,6640,8156,2,1,10,5,0,5,1,1,25.2,high,4,62.8,high,4,7.12545,very_low,0
643,3031,4934,7965,2,1,10,6,0,6,0,1,22.7,high,4,66.4,high,4,17.957675,medium,2
644,781,2729,3510,3,1,10,7,0,0,0,2,17.0,medium,3,70.8,high,4,9.457854,low,1
645,874,4604,5478,3,1,10,8,1,1,0,2,15.7,medium,3,71.0,high,4,12.708493,low,1
646,601,5791,6392,3,1,10,9,0,2,1,2,18.3,medium,3,76.2,high,4,12.7501,low,1
647,780,6911,7691,4,1,10,10,0,3,1,1,21.1,medium,3,63.1,high,4,12.584007,low,1
648,834,6736,7570,4,1,10,11,0,4,1,1,17.8,medium,3,46.3,medium,3,12.166932,low,1
649,1060,6222,7282,4,1,10,12,0,5,1,1,17.9,medium,3,53.9,medium,3,15.751164,medium,2
650,2252,4857,7109,4,1,10,13,0,6,0,1,16.1,medium,3,49.5,medium,3,9.791514,low,1
651,2080,4559,6639,4,1,10,14,0,0,0,1,21.4,medium,3,64.0,high,4,18.667004,medium,2
652,760,5115,5875,4,1,10,15,0,1,1,2,23.0,high,4,70.8,high,4,19.834479,medium,2
653,922,6612,7534,4,1,10,16,0,2,1,1,19.2,medium,3,55.8,medium,3,12.208807,low,1
654,979,6482,7461,4,1,10,17,0,3,1,1,18.7,medium,3,69.3,high,4,6.791857,very_low,0
655,1008,6501,7509,4,1,10,18,0,4,1,2,21.4,medium,3,72.8,high,4,15.874779,medium,2
656,753,4671,5424,4,1,10,19,0,5,1,2,23.1,high,4,81.5,very_high,5,9.041918,low,1
657,2806,5284,8090,4,1,10,20,0,6,0,1,19.9,medium,3,57.3,medium,3,7.874979,very_low,0
658,2132,4692,6824,4,1,10,21,0,0,0,1,19.0,medium,3,51.0,medium,3,11.125618,low,1
659,830,6228,7058,4,1,10,22,0,1,1,1,20.0,medium,3,56.8,medium,3,5.4593811,very_low,0
660,841,6625,7466,4,1,10,23,0,2,1,1,22.3,high,4,64.2,high,4,6.3345686,very_low,0
661,795,6898,7693,4,1,10,24,0,3,1,1,24.1,high,4,63.6,high,4,4.8762064,very_low,0
662,875,6484,7359,4,1,10,25,0,4,1,2,22.6,high,4,80.0,very_high,5,8.333125,low,1
663,1182,6262,7444,4,1,10,26,0,5,1,2,22.4,high,4,80.7,very_high,5,8.875289,low,1
664,2643,5209,7852,4,1,10,27,0,6,0,2,21.7,medium,3,72.0,high,4,15.791364,medium,2
665,998,3461,4459,4,1,10,28,0,0,0,2,19.6,medium,3,69.5,high,4,26.666536,high,3
666,2,20,22,4,1,10,29,0,1,1,3,18.0,medium,3,88.0,very_high,5,23.9994,high,3
667,87,1009,1096,4,1,10,30,0,2,1,2,13.0,low,2,82.5,very_high,5,14.271603,low,1
668,419,5147,5566,4,1,10,31,0,3,1,2,14.7,low,2,66.7,high,4,11.166689,low,1
669,466,5520,5986,1,1,11,1,0,4,1,2,15.0,low,2,58.2,medium,3,10.542182,low,1
670,618,5229,5847,1,1,11,2,0,5,1,1,14.6,low,2,52.2,medium,3,17.833725,medium,2
671,1029,4109,5138,1,1,11,3,0,6,0,2,14.1,low,2,49.1,medium,3,18.125443,medium,2
672,1201,3906,5107,2,1,11,4,0,0,0,1,13.4,low,2,53.3,medium,3,12.000236,low,1
673,378,4881,5259,2,1,11,5,0,1,1,1,13.1,low,2,49.4,medium,3,15.833775,medium,2
674,466,5220,5686,2,1,11,6,0,2,1,1,11.5,low,2,56.7,medium,3,11.625371,low,1
675,326,4709,5035,3,1,11,7,0,3,1,2,12.1,low,2,54.8,medium,3,20.375236,medium,2
676,340,4975,5315,3,1,11,8,0,4,1,1,14.4,low,2,33.3,low,2,23.304945,high,3
677,709,5283,5992,3,1,11,9,0,5,1,1,14.8,low,2,54.1,medium,3,14.375386,low,1
678,2090,4446,6536,4,1,11,10,0,6,0,1,16.0,medium,3,64.5,high,4,3.8756686,very_low,0
679,2290,4562,6852,4,1,11,11,0,0,0,1,17.3,medium,3,65.9,high,4,8.5425,low,1
680,1097,5172,6269,4,1,11,12,1,1,0,1,19.9,medium,3,74.2,high,4,11.625639,low,1
681,327,3767,4094,4,1,11,13,0,2,1,2,14.1,low,2,66.3,high,4,22.917082,high,3
682,373,5122,5495,4,1,11,14,0,3,1,1,11.9,low,2,55.2,medium,3,13.374875,low,1
683,320,5125,5445,4,1,11,15,0,4,1,2,13.2,low,2,62.0,high,4,10.250129,low,1
684,484,5214,5698,4,1,11,16,0,5,1,1,14.1,low,2,52.5,medium,3,11.458675,low,1
685,1313,4316,5629,4,1,11,17,0,6,0,1,13.3,low,2,54.5,medium,3,12.041843,low,1
686,922,3747,4669,4,1,11,18,0,0,0,1,14.0,low,2,69.3,high,4,15.250004,medium,2
687,449,5050,5499,4,1,11,19,0,1,1,2,15.6,medium,3,62.3,high,4,15.749489,medium,2
688,534,5100,5634,4,1,11,20,0,2,1,2,15.3,low,2,68.5,high,4,5.542575,very_low,0
689,615,4531,5146,4,1,11,21,0,3,1,1,14.5,low,2,61.4,high,4,6.917482,very_low,0
690,955,1470,2425,4,1,11,22,1,4,0,1,13.9,low,2,58.0,medium,3,3.5423436,very_low,0
691,1603,2307,3910,4,1,11,23,0,5,1,1,15.1,low,2,56.9,medium,3,9.917407,low,1
692,532,1745,2277,4,1,11,24,0,6,0,1,11.4,low,2,40.5,medium,3,25.250357,high,3
693,309,2115,2424,4,1,11,25,0,0,0,1,10.1,low,2,46.8,medium,3,10.0835,low,1
694,337,4750,5087,4,1,11,26,0,1,1,1,12.8,low,2,53.5,medium,3,3.12555,very_low,0
695,123,3836,3959,4,1,11,27,0,2,1,2,12.0,low,2,78.7,very_high,5,15.916654,medium,2
696,198,5062,5260,4,1,11,28,0,3,1,1,12.2,low,2,50.6,medium,3,14.125007,low,1
697,243,5080,5323,4,1,11,29,0,4,1,1,11.5,low,2,55.6,medium,3,7.739974,very_low,0
698,362,5306,5668,4,1,11,30,0,5,1,1,12.2,low,2,65.0,high,4,3.9175436,very_low,0
699,951,4240,5191,1,1,12,1,0,6,0,2,12.2,low,2,80.7,very_high,5,4.0001814,very_low,0
700,892,3757,4649,1,1,12,2,0,0,0,2,14.2,low,2,82.3,very_high,5,8.333393,low,1
701,555,5679,6234,1,1,12,3,0,1,1,1,18.6,medium,3,76.8,high,4,5.5422936,very_low,0
702,551,6055,6606,2,1,12,4,0,2,1,1,19.5,medium,3,73.4,high,4,11.666643,low,1
703,331,5398,5729,2,1,12,5,0,3,1,1,18.0,medium,3,48.5,medium,3,21.709407,high,3
704,340,5035,5375,2,1,12,6,0,4,1,1,10.5,low,2,50.9,medium,3,11.708518,low,1
705,349,4659,5008,3,1,12,7,0,5,1,2,13.2,low,2,76.4,high,4,8.7502,low,1
706,1153,4429,5582,3,1,12,8,0,6,0,2,15.6,medium,3,91.1,very_high,5,6.792393,very_low,0
707,441,2787,3228,3,1,12,9,0,0,0,2,15.8,medium,3,90.5,very_high,5,10.584325,low,1
708,329,4841,5170,4,1,12,10,0,1,1,2,17.9,medium,3,92.5,very_high,5,12.750636,low,1
709,282,5219,5501,4,1,12,11,0,2,1,2,14.5,low,2,59.7,high,4,19.834479,medium,2
710,310,5009,5319,4,1,12,12,0,3,1,2,12.2,low,2,53.8,medium,3,10.916779,low,1
711,425,5107,5532,4,1,12,13,0,4,1,1,12.1,low,2,48.6,medium,3,11.666643,low,1
712,429,5182,5611,4,1,12,14,0,5,1,1,11.5,low,2,64.3,high,4,8.792343,low,1
713,767,4280,5047,4,1,12,15,0,6,0,1,13.3,low,2,65.0,high,4,7.12545,very_low,0
714,538,3248,3786,4,1,12,16,0,0,0,2,14.9,low,2,83.9,very_high,5,6.749714,very_low,0
715,212,4373,4585,4,1,12,17,0,1,1,2,16.1,medium,3,90.7,very_high,5,6.5833061,very_low,0
716,433,5124,5557,4,1,12,18,0,2,1,1,16.8,medium,3,66.6,high,4,14.834068,medium,2
717,333,4934,5267,4,1,12,19,0,3,1,1,13.6,low,2,62.5,high,4,12.334164,low,1
718,314,3814,4128,4,1,12,20,0,4,1,2,13.5,low,2,66.8,high,4,8.875021,low,1
719,221,3402,3623,4,1,12,21,0,5,1,2,13.4,low,2,55.7,medium,3,25.083661,high,3
720,205,1544,1749,4,1,12,22,0,6,0,1,10.9,low,2,44.1,medium,3,27.292182,high,3
721,408,1379,1787,4,1,12,23,0,0,0,1,10.1,low,2,51.5,medium,3,8.916561,low,1
722,174,746,920,4,1,12,24,0,1,1,2,9.5,low,2,79.1,very_high,5,5.1744368,very_low,0
723,440,573,1013,4,1,12,25,1,2,0,2,11.9,low,2,73.5,high,4,11.304642,low,1
724,9,432,441,4,1,12,26,0,3,1,3,10.0,low,2,82.3,very_high,5,21.208582,high,3
725,247,1867,2114,4,1,12,27,0,4,1,2,10.4,low,2,65.3,high,4,23.458911,high,3
726,644,2451,3095,4,1,12,28,0,5,1,2,10.4,low,2,59.0,high,4,10.416557,low,1
727,159,1182,1341,4,1,12,29,0,6,0,2,10.4,low,2,75.3,high,4,8.333661,low,1
728,364,1432,1796,4,1,12,30,0,0,0,1,10.5,low,2,48.3,medium,3,23.500518,high,3
729,439,2290,2729,4,1,12,31,0,1,1,2,8.8,very_low,1,57.8,medium,3,10.374682,low,1
